{
  "collapse-filter": true,
  "search": "",
  "showTags": false,
  "showAttachments": false,
  "hideUnresolved": false,
  "showOrphans": true,
  "collapse-color-groups": false,
  "colorGroups": [
    {
      "query": "file:0.",
      "color": {
        "a": 1,
        "rgb": 0
      }
    },
    {
      "query": "path:1.",
      "color": {
        "a": 1,
        "rgb": 16774912
      }
    },
    {
      "query": "path:2.",
      "color": {
        "a": 1,
        "rgb": 16743168
      }
    },
    {
      "query": "path:3.",
      "color": {
        "a": 1,
        "rgb": 16711680
      }
    },
    {
      "query": "path:4.",
      "color": {
        "a": 1,
        "rgb": 16711892
      }
    },
    {
      "query": "path:5.",
      "color": {
        "a": 1,
        "rgb": 3006485
      }
    },
    {
      "query": "path:6.",
      "color": {
        "a": 1,
        "rgb": 11007
      }
    },
    {
      "query": "path:7.",
      "color": {
        "a": 1,
        "rgb": 16777215
      }
    }
  ],
  "collapse-display": true,
  "showArrow": true,
  "textFadeMultiplier": -3,
  "nodeSizeMultiplier": 2.80328676470588,
  "lineSizeMultiplier": 1.00505882352941,
  "collapse-forces": true,
  "centerStrength": 0.288235294117647,
  "repelStrength": 14.5176470588235,
  "linkStrength": 1,
  "linkDistance": 269,
  "scale": 0.09848280266864438,
  "close": true
}