{
  "workspaces": {
    "TractatusWorkSpace": {
      "main": {
        "id": "a61f85972cff1567",
        "type": "split",
        "children": [
          {
            "id": "3fccba5788311da4",
            "type": "leaf",
            "state": {
              "type": "graph",
              "state": {}
            }
          }
        ],
        "direction": "vertical"
      },
      "left": {
        "id": "7e3c086e49b6c284",
        "type": "split",
        "children": [
          {
            "id": "0bfcb188fa21bee2",
            "type": "tabs",
            "children": [
              {
                "id": "eaec3d974ce3a031",
                "type": "leaf",
                "state": {
                  "type": "file-explorer",
                  "state": {}
                }
              },
              {
                "id": "953b3066d3d2c678",
                "type": "leaf",
                "state": {
                  "type": "search",
                  "state": {
                    "query": "",
                    "matchingCase": false,
                    "explainSearch": false,
                    "collapseAll": false,
                    "extraContext": false,
                    "sortOrder": "alphabetical"
                  }
                }
              },
              {
                "id": "3342f61bf7788d30",
                "type": "leaf",
                "state": {
                  "type": "map-of-content",
                  "state": {}
                }
              },
              {
                "id": "1aa3171f5ef4c0f1",
                "type": "leaf",
                "state": {
                  "type": "tag",
                  "state": {
                    "sortOrder": "alphabetical",
                    "useHierarchy": true
                  }
                }
              },
              {
                "id": "557981a2d0deffed",
                "type": "leaf",
                "state": {
                  "type": "juggl_nodes",
                  "state": {}
                }
              },
              {
                "id": "df1a893b063b7b34",
                "type": "leaf",
                "state": {
                  "type": "juggl_style",
                  "state": {}
                }
              },
              {
                "id": "150bebd072a0f4b7",
                "type": "leaf",
                "state": {
                  "type": "backlink",
                  "state": {
                    "collapseAll": false,
                    "extraContext": false,
                    "sortOrder": "alphabetical",
                    "showSearch": false,
                    "searchQuery": "",
                    "backlinkCollapsed": true,
                    "unlinkedCollapsed": true
                  }
                }
              },
              {
                "id": "216afa665328b1a9",
                "type": "leaf",
                "state": {
                  "type": "outline",
                  "state": {}
                }
              },
              {
                "id": "58508150132d4e37",
                "type": "leaf",
                "state": {
                  "type": "advanced-tables-toolbar",
                  "state": {}
                }
              },
              {
                "id": "5de7b8eadb2f562e",
                "type": "leaf",
                "state": {
                  "type": "markdown",
                  "state": {
                    "file": "0. Begin Here/0.1 The 7 Propositions alltogether and a note/0.Tractatus Logico-Philosophicus.md",
                    "mode": "source"
                  }
                }
              }
            ]
          }
        ],
        "direction": "horizontal",
        "width": 356
      },
      "right": {
        "id": "9f3e3a4738a9601b",
        "type": "split",
        "children": [],
        "direction": "horizontal",
        "width": 384,
        "collapsed": true
      },
      "active": "3fccba5788311da4"
    }
  },
  "active": "TractatusWorkSpace"
}